-- phpMyAdmin SQL Dump
-- version 4.8.5
-- https://www.phpmyadmin.net/
--
-- Servidor: 127.0.0.1:3306
-- Tiempo de generación: 06-12-2020 a las 22:15:16
-- Versión del servidor: 5.7.26
-- Versión de PHP: 7.2.18

SET SQL_MODE = "NO_AUTO_VALUE_ON_ZERO";
SET AUTOCOMMIT = 0;
START TRANSACTION;
SET time_zone = "+00:00";


/*!40101 SET @OLD_CHARACTER_SET_CLIENT=@@CHARACTER_SET_CLIENT */;
/*!40101 SET @OLD_CHARACTER_SET_RESULTS=@@CHARACTER_SET_RESULTS */;
/*!40101 SET @OLD_COLLATION_CONNECTION=@@COLLATION_CONNECTION */;
/*!40101 SET NAMES utf8mb4 */;

--
-- Base de datos: `systemrifa`
--
create database systemrifa;
   use systemrifa;

-- --------------------------------------------------------

--
-- Estructura de tabla para la tabla `ciudad`
--
 

DROP TABLE IF EXISTS `ciudad`;
CREATE TABLE IF NOT EXISTS `ciudad` (
  `idciudad` int(11) NOT NULL AUTO_INCREMENT,
  `id_depto` int(11) NOT NULL,
  `valor` varchar(45) NOT NULL,
  PRIMARY KEY (`idciudad`),
  KEY `id_depto_idx` (`id_depto`)
) ENGINE=InnoDB AUTO_INCREMENT=1154 DEFAULT CHARSET=latin1;

--
-- Volcado de datos para la tabla `ciudad`
--

INSERT INTO `ciudad` (`idciudad`, `id_depto`, `valor`) VALUES
(1, 1, 'El-Encanto'),
(2, 1, 'La-Chorrera'),
(3, 1, 'La-Pedrera'),
(4, 1, 'La-Victoria'),
(5, 1, 'Leticia'),
(6, 1, 'Miriti-Parana'),
(8, 1, 'Puerto-Alegria'),
(9, 1, 'Puerto-Arica'),
(10, 1, 'Puerto-Narino'),
(11, 1, 'Puerto-Santander'),
(13, 2, 'Abejorral'),
(14, 2, 'Abriaqui'),
(15, 2, 'Alejandria'),
(16, 2, 'Amaga'),
(17, 2, 'Amalfi'),
(18, 2, 'Andes'),
(19, 2, 'Angelopolis'),
(20, 2, 'Angostura'),
(21, 2, 'Anori'),
(22, 2, 'Anza'),
(23, 2, 'Apartado'),
(24, 2, 'Arboletes'),
(25, 2, 'Argelia'),
(26, 2, 'Armenia'),
(27, 2, 'Barbosa'),
(28, 2, 'Bello'),
(29, 2, 'Belmira'),
(30, 2, 'Betania'),
(31, 2, 'Betulia'),
(32, 2, 'Briceno'),
(33, 2, 'Buritica'),
(34, 2, 'Caceres'),
(35, 2, 'Caicedo'),
(36, 2, 'Caldas'),
(37, 2, 'Campamento'),
(38, 2, 'Canasgordas'),
(39, 2, 'Caracoli'),
(40, 2, 'Caramanta'),
(41, 2, 'Carepa'),
(42, 2, 'Carolina'),
(43, 2, 'Caucasia'),
(44, 2, 'Chigorodo'),
(45, 2, 'Cisneros'),
(46, 2, 'Ciudad-Bolivar'),
(47, 2, 'Cocorna'),
(48, 2, 'Concepcion'),
(49, 2, 'Concordia'),
(50, 2, 'Copacabana'),
(51, 2, 'Dabeiba'),
(52, 2, 'Don-Matias'),
(53, 2, 'Ebejico'),
(54, 2, 'El-Bagre'),
(55, 2, 'El-Carmen-De-Viboral'),
(56, 2, 'El-Santuario'),
(57, 2, 'Entrerrios'),
(58, 2, 'Envigado'),
(59, 2, 'Fredonia'),
(60, 2, 'Frontino'),
(61, 2, 'Giraldo'),
(62, 2, 'Girardota'),
(63, 2, 'Gomez-Plata'),
(64, 2, 'Granada'),
(65, 2, 'Guadalupe'),
(66, 2, 'Guarne'),
(67, 2, 'Guatape'),
(68, 2, 'Heliconia'),
(69, 2, 'Hispania'),
(70, 2, 'Itagüi'),
(71, 2, 'Ituango'),
(72, 2, 'Jardin'),
(73, 2, 'Jerico'),
(74, 2, 'La-Ceja'),
(75, 2, 'La-Estrella'),
(76, 2, 'La-Pintada'),
(77, 2, 'La-Union'),
(78, 2, 'Liborina'),
(79, 2, 'Maceo'),
(80, 2, 'Marinilla'),
(81, 2, 'Medellin'),
(82, 2, 'Montebello'),
(83, 2, 'Murindo'),
(84, 2, 'Mutata'),
(85, 2, 'Narino'),
(86, 2, 'Nechi'),
(87, 2, 'Necocli'),
(88, 2, 'Olaya'),
(90, 2, 'Penol'),
(91, 2, 'Peque'),
(92, 2, 'Pueblorrico'),
(93, 2, 'Puerto-Berrio'),
(94, 2, 'Puerto-Nare'),
(95, 2, 'Puerto-Triunfo'),
(97, 2, 'El-Retiro'),
(139, 3, 'Arauca'),
(140, 3, 'Arauquita'),
(141, 3, 'Cravo-Norte'),
(142, 3, 'Fortul'),
(144, 3, 'Puerto-Rondon'),
(148, 4, 'Providencia'),
(150, 5, 'Baranoa'),
(151, 5, 'Barranquilla'),
(152, 5, 'Campo-De-La-Cruz'),
(153, 5, 'Candelaria'),
(154, 5, 'Galapa'),
(155, 5, 'Juan-De-Acosta'),
(156, 5, 'Luruaco'),
(157, 5, 'Malambo'),
(158, 5, 'Manati'),
(160, 5, 'Palmar-De-Varela'),
(161, 5, 'Piojo'),
(162, 5, 'Polonuevo'),
(163, 5, 'Ponedera'),
(164, 5, 'Puerto-Colombia'),
(174, 16, 'Bogota'),
(175, 7, 'Achi'),
(176, 7, 'Altos-Del-Rosario'),
(177, 7, 'Arenal'),
(178, 7, 'Arjona'),
(179, 7, 'Arroyohondo'),
(180, 7, 'Barranco-De-Loba'),
(181, 7, 'Calamar'),
(182, 7, 'Cantagallo'),
(183, 7, 'Cartagena'),
(184, 7, 'Cicuco'),
(185, 7, 'Clemencia'),
(186, 7, 'Cordoba'),
(187, 7, 'El-Carmen-De-Bolivar'),
(188, 7, 'El-Guamo'),
(189, 7, 'El-Penon'),
(190, 7, 'Hatillo-De-Loba'),
(191, 7, 'Magangue'),
(192, 7, 'Mahates'),
(193, 7, 'Margarita'),
(194, 7, 'Maria-La-Baja'),
(195, 7, 'Mompos'),
(196, 7, 'Montecristo'),
(197, 7, 'Morales'),
(199, 7, 'Pinillos'),
(221, 8, 'Almeida'),
(222, 8, 'Aquitania'),
(223, 8, 'Arcabuco'),
(224, 8, 'Belen'),
(225, 8, 'Berbeo'),
(226, 8, 'Beteitiva'),
(227, 8, 'Boavita'),
(228, 8, 'Boyaca'),
(229, 8, 'Briceno'),
(230, 8, 'Buenavista'),
(231, 8, 'Busbanza'),
(232, 8, 'Caldas'),
(233, 8, 'Campohermoso'),
(234, 8, 'Cerinza'),
(235, 8, 'Chinavita'),
(236, 8, 'Chiquinquira'),
(237, 8, 'Chiquiza'),
(238, 8, 'Chiscas'),
(239, 8, 'Chita'),
(240, 8, 'Chitaraque'),
(241, 8, 'Chivata'),
(242, 8, 'Chivor'),
(243, 8, 'Cienega'),
(244, 8, 'Combita'),
(245, 8, 'Coper'),
(246, 8, 'Corrales'),
(247, 8, 'Covarachia'),
(248, 8, 'Cubara'),
(249, 8, 'Cucaita'),
(250, 8, 'Cuitiva'),
(251, 8, 'Duitama'),
(252, 8, 'El-Cocuy'),
(253, 8, 'El-Espino'),
(254, 8, 'Firavitoba'),
(255, 8, 'Floresta'),
(256, 8, 'Gachantiva'),
(257, 8, 'Gameza'),
(258, 8, 'Garagoa'),
(259, 8, 'Guacamayas'),
(260, 8, 'Guateque'),
(261, 8, 'Guayata'),
(262, 8, 'Güican'),
(263, 8, 'Iza'),
(264, 8, 'Jenesano'),
(265, 8, 'Jerico'),
(266, 8, 'La-Capilla'),
(267, 8, 'La-Uvita'),
(268, 8, 'La-Victoria'),
(269, 8, 'Labranzagrande'),
(270, 8, 'Macanal'),
(271, 8, 'Maripi'),
(272, 8, 'Miraflores'),
(273, 8, 'Mongua'),
(274, 8, 'Mongui'),
(275, 8, 'Moniquira'),
(276, 8, 'Motavita'),
(277, 8, 'Muzo'),
(278, 8, 'Nobsa'),
(279, 8, 'Nuevo-Colon'),
(280, 8, 'Oicata'),
(281, 8, 'Otanche'),
(283, 8, 'Pachavita'),
(284, 8, 'Paez'),
(285, 8, 'Paipa'),
(286, 8, 'Pajarito'),
(287, 8, 'Panqueba'),
(288, 8, 'Pauna'),
(289, 8, 'Paya'),
(290, 8, 'Paz-De-Rio'),
(291, 8, 'Pesca'),
(292, 8, 'Pisba'),
(293, 8, 'Puerto-Boyaca'),
(294, 8, 'Quipama'),
(295, 8, 'Ramiriqui'),
(345, 9, 'Aguadas'),
(346, 9, 'Anserma'),
(347, 9, 'Aranzazu'),
(348, 9, 'Belalcazar'),
(349, 9, 'Chinchina'),
(350, 9, 'Filadelfia'),
(351, 9, 'La-Dorada'),
(352, 9, 'La-Merced'),
(353, 9, 'Manizales'),
(354, 9, 'Manzanares'),
(355, 9, 'Marmato'),
(356, 9, 'Marquetalia'),
(357, 9, 'Marulanda'),
(358, 9, 'Neira'),
(359, 9, 'Norcasia'),
(361, 9, 'Pacora'),
(362, 9, 'Palestina'),
(363, 9, 'Pensilvania'),
(373, 10, 'Albania'),
(374, 10, 'Belen-De-Los-Andaquies'),
(375, 10, 'Cartagena-Del-Chaira'),
(376, 10, 'Curillo'),
(377, 10, 'El-Doncello'),
(378, 10, 'El-Paujil'),
(379, 10, 'Florencia'),
(380, 10, 'La-Montanita'),
(381, 10, 'Milan'),
(382, 10, 'Morelia'),
(384, 10, 'Puerto-Rico'),
(390, 11, 'Aguazul'),
(391, 11, 'Chameza'),
(392, 11, 'Hato-Corozal'),
(393, 11, 'La-Salina'),
(394, 11, 'Mani'),
(395, 11, 'Monterrey'),
(396, 11, 'Nunchia'),
(397, 11, 'Orocue'),
(399, 11, 'Paz-De-Ariporo'),
(400, 11, 'Pore'),
(410, 12, 'Almaguer'),
(411, 12, 'Argelia'),
(412, 12, 'Balboa'),
(413, 12, 'Bolivar'),
(414, 12, 'Buenos-Aires'),
(415, 12, 'Cajibio'),
(416, 12, 'Caldono'),
(417, 12, 'Caloto'),
(418, 12, 'Corinto'),
(419, 12, 'El-Tambo'),
(420, 12, 'Florencia'),
(421, 12, 'Guapi'),
(422, 12, 'Inza'),
(423, 12, 'Jambalo'),
(424, 12, 'La-Sierra'),
(425, 12, 'La-Vega'),
(426, 12, 'Lopez'),
(427, 12, 'Mercaderes'),
(428, 12, 'Miranda'),
(429, 12, 'Morales'),
(431, 12, 'Padilla'),
(432, 12, 'Paez'),
(433, 12, 'Patia'),
(434, 12, 'Piamonte'),
(435, 12, 'Piendamo'),
(436, 12, 'Popayan'),
(437, 12, 'Puerto-Tejada'),
(438, 12, 'Purace'),
(452, 13, 'Aguachica'),
(453, 13, 'Agustin-Codazzi'),
(454, 13, 'Astrea'),
(455, 13, 'Becerril'),
(456, 13, 'Bosconia'),
(457, 13, 'Chimichagua'),
(458, 13, 'Chiriguana'),
(459, 13, 'Curumani'),
(460, 13, 'El-Copey'),
(461, 13, 'El-Paso'),
(462, 13, 'Gamarra'),
(463, 13, 'Gonzalez'),
(464, 13, 'La-Gloria'),
(465, 13, 'La-Jagua-De-Ibirico'),
(466, 13, 'La-Paz'),
(467, 13, 'Manaure'),
(469, 13, 'Pailitas'),
(470, 13, 'Pelaya'),
(471, 13, 'Pueblo-Bello'),
(478, 14, 'Acandi'),
(479, 14, 'Alto-Baudo'),
(480, 14, 'Atrato'),
(481, 14, 'Bagado'),
(482, 14, 'Bahia-Solano'),
(483, 14, 'Bajo-Baudo'),
(484, 14, 'Belen-De-Bajira'),
(485, 14, 'Bojaya'),
(486, 14, 'Carmen-Del-Darien'),
(487, 14, 'Certegui'),
(488, 14, 'Condoto'),
(489, 14, 'El-Canton-Del-San-Pablo'),
(490, 14, 'El-Carmen-De-Atrato'),
(491, 14, 'El-Litoral-Del-San-Juan'),
(492, 14, 'Istmina'),
(493, 14, 'Jurado'),
(494, 14, 'Lloro'),
(495, 14, 'Medio-Atrato'),
(496, 14, 'Medio-Baudo'),
(497, 14, 'Medio-San-Juan'),
(498, 14, 'Novita'),
(499, 14, 'Nuqui'),
(501, 14, 'Quibdo'),
(510, 15, 'Ayapel'),
(511, 15, 'Buenavista'),
(512, 15, 'Canalete'),
(513, 15, 'Cerete'),
(514, 15, 'Chima'),
(515, 15, 'Chinu'),
(516, 15, 'Cienaga-De-Oro'),
(517, 15, 'Cotorra'),
(518, 15, 'La-Apartada'),
(519, 15, 'Lorica'),
(520, 15, 'Los-Cordobas'),
(521, 15, 'Momil'),
(522, 15, 'Montelibano'),
(523, 15, 'Monteria'),
(524, 15, 'Monitos'),
(526, 15, 'Planeta-Rica'),
(527, 15, 'Pueblo-Nuevo'),
(528, 15, 'Puerto-Escondido'),
(529, 15, 'Puerto-Libertador'),
(530, 15, 'Purisima'),
(539, 16, 'Agua-De-Dios'),
(540, 16, 'Alban'),
(541, 16, 'Anapoima'),
(542, 16, 'Anolaima'),
(543, 16, 'Apulo'),
(544, 16, 'Arbelaez'),
(545, 16, 'Beltran'),
(546, 16, 'Bituima'),
(547, 16, 'Bojaca'),
(548, 16, 'Cabrera'),
(549, 16, 'Cachipay'),
(550, 16, 'Cajica'),
(551, 16, 'Caparrapi'),
(552, 16, 'Caqueza'),
(553, 16, 'Carmen-De-Carupa'),
(554, 16, 'Chaguani'),
(555, 16, 'Chia'),
(556, 16, 'Chipaque'),
(557, 16, 'Choachi'),
(558, 16, 'Choconta'),
(559, 16, 'Cogua'),
(560, 16, 'Cota'),
(561, 16, 'Cucunuba'),
(562, 16, 'El-Colegio'),
(563, 16, 'El-Penon'),
(564, 16, 'El-Rosal'),
(565, 16, 'Facatativa'),
(566, 16, 'Fomeque'),
(567, 16, 'Fosca'),
(568, 16, 'Funza'),
(569, 16, 'Fuquene'),
(570, 16, 'Fusagasuga'),
(571, 16, 'Gachala'),
(572, 16, 'Gachancipa'),
(573, 16, 'Gacheta'),
(574, 16, 'Gama'),
(575, 16, 'Girardot'),
(576, 16, 'Granada'),
(577, 16, 'Guacheta'),
(578, 16, 'Guaduas'),
(579, 16, 'Guasca'),
(580, 16, 'Guataqui'),
(581, 16, 'Guatavita'),
(582, 16, 'Guayabal-De-Siquima'),
(583, 16, 'Guayabetal'),
(584, 16, 'Gutierrez'),
(585, 16, 'Jerusalen'),
(586, 16, 'Junin'),
(587, 16, 'La-Calera'),
(588, 16, 'La-Mesa'),
(589, 16, 'La-Palma'),
(590, 16, 'La-Pena'),
(591, 16, 'La-Vega'),
(592, 16, 'Lenguazaque'),
(593, 16, 'Macheta'),
(594, 16, 'Madrid'),
(595, 16, 'Manta'),
(596, 16, 'Medina'),
(597, 16, 'Mosquera'),
(598, 16, 'Narino'),
(599, 16, 'Nemocon'),
(600, 16, 'Nilo'),
(601, 16, 'Nimaima'),
(602, 16, 'Nocaima'),
(604, 16, 'Pacho'),
(605, 16, 'Paime'),
(606, 16, 'Pandi'),
(607, 16, 'Paratebueno'),
(608, 16, 'Pasca'),
(609, 16, 'Puerto-Salgar'),
(610, 16, 'Puli'),
(611, 16, 'Quebradanegra'),
(612, 16, 'Quetame'),
(613, 16, 'Quipile'),
(656, 17, 'Barranco-Minas'),
(657, 17, 'Cacahual'),
(658, 17, 'Inirida'),
(659, 17, 'La-Guadalupe'),
(660, 17, 'Mapiripana'),
(661, 17, 'Morichal'),
(663, 17, 'Pana-Pana'),
(664, 17, 'Puerto-Colombia'),
(666, 18, 'Calamar'),
(667, 18, 'El-Retorno'),
(668, 18, 'Miraflores'),
(671, 19, 'Acevedo'),
(672, 19, 'Agrado'),
(673, 19, 'Aipe'),
(674, 19, 'Algeciras'),
(675, 19, 'Altamira'),
(676, 19, 'Baraya'),
(677, 19, 'Campoalegre'),
(678, 19, 'Colombia'),
(679, 19, 'Elias'),
(680, 19, 'Garzon'),
(681, 19, 'Gigante'),
(682, 19, 'Guadalupe'),
(683, 19, 'Hobo'),
(684, 19, 'Iquira'),
(685, 19, 'Isnos'),
(686, 19, 'La-Argentina'),
(687, 19, 'La-Plata'),
(688, 19, 'Nataga'),
(689, 19, 'Neiva'),
(690, 19, 'Oporapa'),
(692, 19, 'Paicol'),
(693, 19, 'Palermo'),
(694, 19, 'Palestina'),
(695, 19, 'Pital'),
(696, 19, 'Pitalito'),
(709, 20, 'Albania'),
(710, 20, 'Barrancas'),
(711, 20, 'Dibulla'),
(712, 20, 'Distraccion'),
(713, 20, 'El-Molino'),
(714, 20, 'Fonseca'),
(715, 20, 'Hatonuevo'),
(716, 20, 'La-Jagua-Del-Pilar'),
(717, 20, 'Maicao'),
(718, 20, 'Manaure'),
(725, 21, 'Algarrobo'),
(726, 21, 'Aracataca'),
(727, 21, 'Ariguani'),
(728, 21, 'Cerro-San-Antonio'),
(729, 21, 'Chibolo'),
(730, 21, 'Cienaga'),
(731, 21, 'Concordia'),
(732, 21, 'El-Banco'),
(733, 21, 'El-Pinon'),
(734, 21, 'El-Reten'),
(735, 21, 'Fundacion'),
(736, 21, 'Guamal'),
(737, 21, 'Nueva-Granada'),
(739, 21, 'Pedraza'),
(740, 21, 'Pijino-Del-Carmen'),
(741, 21, 'Pivijay'),
(742, 21, 'Plato'),
(743, 21, 'Puebloviejo'),
(756, 22, 'Acacias'),
(757, 22, 'Barranca-De-Upia'),
(758, 22, 'Cabuyaro'),
(759, 22, 'Castilla-La-Nueva'),
(760, 22, 'Cubarral'),
(761, 22, 'Cumaral'),
(762, 22, 'El-Calvario'),
(763, 22, 'El-Castillo'),
(764, 22, 'El-Dorado'),
(765, 22, 'Fuente-De-Oro'),
(766, 22, 'Granada'),
(767, 22, 'Guamal'),
(768, 22, 'La-Macarena'),
(769, 22, 'Lejanias'),
(770, 22, 'Mapiripan'),
(771, 22, 'Mesetas'),
(773, 22, 'Puerto-Concordia'),
(774, 22, 'Puerto-Gaitan'),
(775, 22, 'Puerto-Lleras'),
(776, 22, 'Puerto-Lopez'),
(777, 22, 'Puerto-Rico'),
(786, 23, 'Alban'),
(787, 23, 'Aldana'),
(788, 23, 'Ancuya'),
(789, 23, 'Arboleda'),
(790, 23, 'Barbacoas'),
(791, 23, 'Belen'),
(792, 23, 'Buesaco'),
(793, 23, 'Chachagüi'),
(794, 23, 'Colon'),
(795, 23, 'Consaca'),
(796, 23, 'Contadero'),
(797, 23, 'Cordoba'),
(798, 23, 'Cuaspud'),
(799, 23, 'Cumbal'),
(800, 23, 'Cumbitara'),
(801, 23, 'El-Charco'),
(802, 23, 'El-Penol'),
(803, 23, 'El-Rosario'),
(804, 23, 'El-Tablon-De-Gomez'),
(805, 23, 'El-Tambo'),
(806, 23, 'Francisco-Pizarro'),
(807, 23, 'Funes'),
(808, 23, 'Guachucal'),
(809, 23, 'Guaitarilla'),
(810, 23, 'Gualmatan'),
(811, 23, 'Iles'),
(812, 23, 'Imues'),
(813, 23, 'Ipiales'),
(814, 23, 'La-Cruz'),
(815, 23, 'La-Florida'),
(816, 23, 'La-Llanada'),
(817, 23, 'La-Tola'),
(818, 23, 'La-Union'),
(819, 23, 'Leiva'),
(820, 23, 'Linares'),
(821, 23, 'Los-Andes'),
(822, 23, 'Magüi'),
(823, 23, 'Mallama'),
(824, 23, 'Mosquera'),
(825, 23, 'Narino'),
(826, 23, 'Olaya-Herrera'),
(827, 23, 'Ospina'),
(829, 23, 'Pasto'),
(830, 23, 'Policarpa'),
(831, 23, 'Potosi'),
(832, 23, 'Providencia'),
(833, 23, 'Puerres'),
(834, 23, 'Pupiales'),
(851, 24, 'abrego'),
(852, 24, 'Arboledas'),
(853, 24, 'Bochalema'),
(854, 24, 'Bucarasica'),
(855, 24, 'Cachira'),
(856, 24, 'Cacota'),
(857, 24, 'Chinacota'),
(858, 24, 'Chitaga'),
(859, 24, 'Convencion'),
(860, 24, 'Cucuta'),
(861, 24, 'Cucutilla'),
(862, 24, 'Durania'),
(863, 24, 'El-Carmen'),
(864, 24, 'El-Tarra'),
(865, 24, 'El-Zulia'),
(866, 24, 'Gramalote'),
(867, 24, 'Hacari'),
(868, 24, 'Herran'),
(869, 24, 'La-Esperanza'),
(870, 24, 'La-Playa'),
(871, 24, 'Labateca'),
(872, 24, 'Los-Patios'),
(873, 24, 'Lourdes'),
(874, 24, 'Mutiscua'),
(875, 24, 'Ocana'),
(877, 24, 'Pamplona'),
(878, 24, 'Pamplonita'),
(879, 24, 'Puerto-Santander'),
(880, 24, 'Ragonvalia'),
(892, 25, 'Colon'),
(893, 25, 'Leguizamo'),
(894, 25, 'Mocoa'),
(895, 25, 'Orito'),
(897, 25, 'Puerto-Asis'),
(898, 25, 'Puerto-Caicedo'),
(899, 25, 'Puerto-Guzman'),
(906, 26, 'Armenia'),
(907, 26, 'Buenavista'),
(908, 26, 'Calarca'),
(909, 26, 'Circasia'),
(910, 26, 'Cordoba'),
(911, 26, 'Filandia'),
(912, 26, 'Genova'),
(913, 26, 'La-Tebaida'),
(914, 26, 'Montenegro'),
(916, 26, 'Pijao'),
(917, 26, 'Quimbaya'),
(919, 27, 'Apia'),
(920, 27, 'Balboa'),
(921, 27, 'Belen-De-Umbria'),
(922, 27, 'Dosquebradas'),
(923, 27, 'Guatica'),
(924, 27, 'La-Celia'),
(925, 27, 'La-Virginia'),
(926, 27, 'Marsella'),
(927, 27, 'Mistrato'),
(929, 27, 'Pereira'),
(930, 27, 'Pueblo-Rico'),
(931, 27, 'Quinchia'),
(934, 28, 'Aguada'),
(935, 28, 'Albania'),
(936, 28, 'Aratoca'),
(937, 28, 'Barbosa'),
(938, 28, 'Barichara'),
(939, 28, 'Barrancabermeja'),
(940, 28, 'Betulia'),
(941, 28, 'Bolivar'),
(942, 28, 'Bucaramanga'),
(943, 28, 'Cabrera'),
(944, 28, 'California'),
(945, 28, 'Capitanejo'),
(946, 28, 'Carcasi'),
(947, 28, 'Cepita'),
(948, 28, 'Cerrito'),
(949, 28, 'Charala'),
(950, 28, 'Charta'),
(951, 28, 'Chima'),
(952, 28, 'Chipata'),
(953, 28, 'Cimitarra'),
(954, 28, 'Concepcion'),
(955, 28, 'Confines'),
(956, 28, 'Contratacion'),
(957, 28, 'Coromoro'),
(958, 28, 'Curiti'),
(959, 28, 'El-Carmen-De-Chucuri'),
(960, 28, 'El-Guacamayo'),
(961, 28, 'El-Penon'),
(962, 28, 'El-Playon'),
(963, 28, 'Encino'),
(964, 28, 'Enciso'),
(965, 28, 'Florian'),
(966, 28, 'Floridablanca'),
(967, 28, 'Galan'),
(968, 28, 'Gambita'),
(969, 28, 'Giron'),
(970, 28, 'Guaca'),
(971, 28, 'Guadalupe'),
(972, 28, 'Guapota'),
(973, 28, 'Guavata'),
(974, 28, 'Güepsa'),
(975, 28, 'Hato'),
(976, 28, 'Jesus-Maria'),
(977, 28, 'Jordan'),
(978, 28, 'La-Belleza'),
(979, 28, 'La-Paz'),
(980, 28, 'Landazuri'),
(981, 28, 'Lebrija'),
(982, 28, 'Los-Santos'),
(983, 28, 'Macaravita'),
(984, 28, 'Malaga'),
(985, 28, 'Matanza'),
(986, 28, 'Mogotes'),
(987, 28, 'Molagavita'),
(988, 28, 'Ocamonte'),
(989, 28, 'Oiba'),
(990, 28, 'Onzaga'),
(992, 28, 'Palmar'),
(993, 28, 'Palmas-Del-Socorro'),
(994, 28, 'Paramo'),
(995, 28, 'Piedecuesta'),
(996, 28, 'Pinchote'),
(997, 28, 'Puente-Nacional'),
(998, 28, 'Puerto-Parra'),
(999, 28, 'Puerto-Wilches'),
(1022, 29, 'Buenavista'),
(1023, 29, 'Caimito'),
(1024, 29, 'Chalan'),
(1025, 29, 'Coloso'),
(1026, 29, 'Corozal'),
(1027, 29, 'Covenas'),
(1028, 29, 'El-Roble'),
(1029, 29, 'Galeras'),
(1030, 29, 'Guaranda'),
(1031, 29, 'La-Union'),
(1032, 29, 'Los-Palmitos'),
(1033, 29, 'Majagual'),
(1034, 29, 'Morroa'),
(1036, 29, 'Ovejas'),
(1037, 29, 'Palmito'),
(1049, 30, 'Alpujarra'),
(1050, 30, 'Alvarado'),
(1051, 30, 'Ambalema'),
(1052, 30, 'Anzoategui'),
(1053, 30, 'Armero'),
(1054, 30, 'Ataco'),
(1055, 30, 'Cajamarca'),
(1056, 30, 'Carmen-De-Apicala'),
(1057, 30, 'Casabianca'),
(1058, 30, 'Chaparral'),
(1059, 30, 'Coello'),
(1060, 30, 'Coyaima'),
(1061, 30, 'Cunday'),
(1062, 30, 'Dolores'),
(1063, 30, 'Espinal'),
(1064, 30, 'Falan'),
(1065, 30, 'Flandes'),
(1066, 30, 'Fresno'),
(1067, 30, 'Guamo'),
(1068, 30, 'Herveo'),
(1069, 30, 'Honda'),
(1070, 30, 'Ibague'),
(1071, 30, 'Icononzo'),
(1072, 30, 'Lerida'),
(1073, 30, 'Libano'),
(1074, 30, 'Mariquita'),
(1075, 30, 'Melgar'),
(1076, 30, 'Murillo'),
(1077, 30, 'Natagaima'),
(1078, 30, 'Ortega'),
(1080, 30, 'Palocabildo'),
(1081, 30, 'Piedras'),
(1082, 30, 'Planadas'),
(1083, 30, 'Prado'),
(1084, 30, 'Purificacion'),
(1097, 31, 'Alcala'),
(1098, 31, 'Andalucia'),
(1099, 31, 'Ansermanuevo'),
(1100, 31, 'Argelia'),
(1101, 31, 'Bolivar'),
(1102, 31, 'Buenaventura'),
(1103, 31, 'Bugalagrande'),
(1104, 31, 'Caicedonia'),
(1105, 31, 'Cali'),
(1106, 31, 'Calima'),
(1107, 31, 'Candelaria'),
(1108, 31, 'Cartago'),
(1109, 31, 'Dagua'),
(1110, 31, 'El-Aguila'),
(1111, 31, 'El-Cairo'),
(1112, 31, 'El-Cerrito'),
(1113, 31, 'El-Dovio'),
(1114, 31, 'Florida'),
(1115, 31, 'Ginebra'),
(1116, 31, 'Guacari'),
(1117, 31, 'Guadalajara-De-Buga'),
(1118, 31, 'Jamundi'),
(1119, 31, 'La-Cumbre'),
(1120, 31, 'La-Union'),
(1121, 31, 'La-Victoria'),
(1122, 31, 'Obando'),
(1124, 31, 'Palmira'),
(1125, 31, 'Pradera'),
(1140, 32, 'Caruru'),
(1141, 32, 'Mitu'),
(1143, 32, 'Pacoa'),
(1144, 32, 'Papunaua'),
(1147, 33, 'Cumaribo'),
(1148, 33, 'La-Primavera'),
(1150, 33, 'Puerto-Carreno'),
(1153, 16, 'Chinauta');

-- --------------------------------------------------------

--
-- Estructura de tabla para la tabla `departamentos`
--

DROP TABLE IF EXISTS `departamentos`;
CREATE TABLE IF NOT EXISTS `departamentos` (
  `iddepartamento` int(11) NOT NULL AUTO_INCREMENT,
  `valor` varchar(45) NOT NULL,
  PRIMARY KEY (`iddepartamento`)
) ENGINE=InnoDB AUTO_INCREMENT=34 DEFAULT CHARSET=utf8;

--
-- Volcado de datos para la tabla `departamentos`
--

INSERT INTO `departamentos` (`iddepartamento`, `valor`) VALUES
(1, 'Amazonas'),
(2, 'Antioquia'),
(3, 'Arauca'),
(4, 'Archipielago de San Andrés'),
(5, 'Atlantico'),
(7, 'Bolivar'),
(8, 'Boyaca'),
(9, 'Caldas'),
(10, 'Caquetá'),
(11, 'Casanare'),
(12, 'Cauca'),
(13, 'Cesar'),
(14, 'Choco'),
(15, 'Cordoba'),
(16, 'Cundinamarca'),
(17, 'Guainia'),
(18, 'Guaviare'),
(19, 'Huila'),
(20, 'La Guajira'),
(21, 'Magdalena'),
(22, 'Meta'),
(23, 'Narino'),
(24, 'Norte de Santander'),
(25, 'Putumayo'),
(26, 'Quindío'),
(27, 'Risaralda'),
(28, 'Santander'),
(29, 'Sucre'),
(30, 'Tolima'),
(31, 'Valle del Cauca'),
(32, 'Vaupés'),
(33, 'Vichada');

-- --------------------------------------------------------

--
-- Estructura Stand-in para la vista `ganadores`
-- (Véase abajo para la vista actual)
--
DROP VIEW IF EXISTS `ganadores`;
CREATE TABLE IF NOT EXISTS `ganadores` (
`nombres` varchar(45)
,`apellidos` varchar(45)
,`ciudad` varchar(45)
,`fecharegistro` datetime
);

-- --------------------------------------------------------

--
-- Estructura Stand-in para la vista `participantes`
-- (Véase abajo para la vista actual)
--
DROP VIEW IF EXISTS `participantes`;
CREATE TABLE IF NOT EXISTS `participantes` (
`nombres` varchar(45)
,`apellidos` varchar(45)
,`correo` varchar(45)
,`telefono` varchar(45)
,`cedula` varchar(45)
,`departamentos` varchar(45)
,`ciudad` varchar(45)
,`ganador` varchar(7)
,`fechahoradecreacion` datetime
);

-- --------------------------------------------------------

--
-- Estructura de tabla para la tabla `tipousuario`
--

DROP TABLE IF EXISTS `tipousuario`;
CREATE TABLE IF NOT EXISTS `tipousuario` (
  `idtipo` int(11) NOT NULL AUTO_INCREMENT,
  `tipousuario` varchar(45) NOT NULL,
  PRIMARY KEY (`idtipo`)
) ENGINE=InnoDB AUTO_INCREMENT=3 DEFAULT CHARSET=latin1;

--
-- Volcado de datos para la tabla `tipousuario`
--

INSERT INTO `tipousuario` (`idtipo`, `tipousuario`) VALUES
(1, 'participante'),
(2, 'administrador');

-- --------------------------------------------------------

--
-- Estructura de tabla para la tabla `usuarios`
--

DROP TABLE IF EXISTS `usuarios`;
CREATE TABLE IF NOT EXISTS `usuarios` (
  `idusuarios` int(11) NOT NULL AUTO_INCREMENT,
  `nombres` varchar(45) NOT NULL,
  `apellidos` varchar(45) NOT NULL,
  `correo` varchar(45) NOT NULL,
  `telefono` varchar(45) NOT NULL,
  `cedula` varchar(45) NOT NULL,
  `habeasdata` char(1) NOT NULL,
  `idciudad` int(11) NOT NULL,
  `ganador` char(1) NOT NULL,
  `fechahoradecreacion` datetime NOT NULL,
  `tipo_usuario` int(11) NOT NULL,
  PRIMARY KEY (`idusuarios`),
  KEY `idciudad` (`idciudad`),
  KEY `idtipoususario` (`tipo_usuario`)
) ENGINE=InnoDB AUTO_INCREMENT=13 DEFAULT CHARSET=latin1;

--
-- Volcado de datos para la tabla `usuarios`
--

INSERT INTO `usuarios` (`idusuarios`, `nombres`, `apellidos`, `correo`, `telefono`, `cedula`, `habeasdata`, `idciudad`, `ganador`, `fechahoradecreacion`, `tipo_usuario`) VALUES
(1, 'luis', 'bayona', 'lgbayona1988@gmail.com', '3127938280', '1024482240', '1', 548, '0', '2020-12-05 14:13:02', 1),
(3, 'marcela', 'vargas', 'asasa@gmail.com', '31289996598', '12456897', '1', 464, '0', '2020-12-05 14:29:28', 1),
(4, 'juan', 'ramires', 'lgbayona1988@gmail.com', '3127938281', '10190556358', '1', 517, '0', '2020-12-05 15:03:46', 1),
(5, 'manuel', 'pedrasa', 'harley@insoftar.com', '3127939056', '456896203', '1', 1, '0', '2020-12-05 15:08:40', 1),
(6, 'admin', 'admin', 'admin@admin.com', '3002589623', '10789891065', '1', 13, '0', '2020-12-05 00:00:00', 2),
(7, 'pedro', 'coral tabera', 'pedritocoral@hotmail.com', '3024859563', '10568956279', '1', 191, '0', '2020-12-06 09:56:58', 1),
(8, 'laila', 'florez', 'laila@webmail.com', '8955222232', '10588956201348', '1', 148, '1', '2020-12-06 11:08:16', 1),
(9, 'carla', 'gimenes', 'carlita@gmail.com', '3204589630', '1045896320', '1', 395, '1', '2020-12-06 11:20:12', 1),
(10, 'james', 'hetfield', 'jameshetfied@metallicaword.com', '312323', '10661235689520', '1', 852, '0', '2020-12-06 11:33:54', 1),
(11, 'camila', 'pulido', 'puka_15_17@hotmail.com', '3223585041', '1019066201', '1', 5, '0', '2020-12-06 15:32:38', 1),
(12, 'camila', 'pulido', 'puka_15_17@hotmail.com', '3223585041', '1019066211', '1', 183, '0', '2020-12-06 15:57:03', 1);

-- --------------------------------------------------------

--
-- Estructura para la vista `ganadores`
--
DROP TABLE IF EXISTS `ganadores`;

CREATE ALGORITHM=UNDEFINED DEFINER=`root`@`localhost` SQL SECURITY DEFINER VIEW `ganadores`  AS  select `u`.`nombres` AS `nombres`,`u`.`apellidos` AS `apellidos`,`c`.`valor` AS `ciudad`,`u`.`fechahoradecreacion` AS `fecharegistro` from (`usuarios` `u` join `ciudad` `c`) where ((`c`.`idciudad` = `u`.`idciudad`) and (`u`.`ganador` = '1')) ;

-- --------------------------------------------------------

--
-- Estructura para la vista `participantes`
--
DROP TABLE IF EXISTS `participantes`;

CREATE ALGORITHM=UNDEFINED DEFINER=`root`@`localhost` SQL SECURITY DEFINER VIEW `participantes`  AS  select `u`.`nombres` AS `nombres`,`u`.`apellidos` AS `apellidos`,`u`.`correo` AS `correo`,`u`.`telefono` AS `telefono`,`u`.`cedula` AS `cedula`,`d`.`valor` AS `departamentos`,`c`.`valor` AS `ciudad`,if((`u`.`ganador` = 1),'ganador',' ') AS `ganador`,`u`.`fechahoradecreacion` AS `fechahoradecreacion` from ((`usuarios` `u` join `departamentos` `d`) join `ciudad` `c`) where ((`c`.`idciudad` = `u`.`idciudad`) and (`c`.`id_depto` = `d`.`iddepartamento`) and (`u`.`tipo_usuario` = '1')) ;

--
-- Restricciones para tablas volcadas
--

--
-- Filtros para la tabla `ciudad`
--
ALTER TABLE `ciudad`
  ADD CONSTRAINT `id_depto` FOREIGN KEY (`id_depto`) REFERENCES `departamentos` (`iddepartamento`) ON DELETE CASCADE ON UPDATE CASCADE;

--
-- Filtros para la tabla `usuarios`
--
ALTER TABLE `usuarios`
  ADD CONSTRAINT `idciudad` FOREIGN KEY (`idciudad`) REFERENCES `ciudad` (`idciudad`) ON DELETE CASCADE ON UPDATE CASCADE,
  ADD CONSTRAINT `idtipoususario` FOREIGN KEY (`tipo_usuario`) REFERENCES `tipousuario` (`idtipo`) ON DELETE CASCADE ON UPDATE CASCADE;
COMMIT;

/*!40101 SET CHARACTER_SET_CLIENT=@OLD_CHARACTER_SET_CLIENT */;
/*!40101 SET CHARACTER_SET_RESULTS=@OLD_CHARACTER_SET_RESULTS */;
/*!40101 SET COLLATION_CONNECTION=@OLD_COLLATION_CONNECTION */;
